,container_id,started,finished,total_time
2,f59ccd25758a,1970-01-01 00:00:01.744021378,1744021386.45199,7.855940818786621
0,81e62c43123b,1970-01-01 00:00:01.744021386,1744021394.617862,7.722990989685059
10,bb883974f589,1970-01-01 00:00:01.744021395,1744021402.798042,7.749214172363281
3,16a707144f68,1970-01-01 00:00:01.744021403,1744021410.935012,7.691997051239014
7,132d45dec711,1970-01-01 00:00:01.744021411,1744021419.158589,7.751765966415405
1,e1267ea7a15d,1970-01-01 00:00:01.744021419,1744021427.263183,7.658916234970093
5,7d443f7f4ce5,1970-01-01 00:00:01.744021427,1744021435.439151,7.727041006088257
8,fa74e768f7fe,1970-01-01 00:00:01.744021435,1744021443.645606,7.7572691440582275
6,308a27eb3021,1970-01-01 00:00:01.744021444,1744021451.809987,7.7125771045684814
9,c991ef41c476,1970-01-01 00:00:01.744021452,1744021459.970762,7.723725080490112
4,cc2ab2909b60,1970-01-01 00:00:01.744021460,1744021468.175302,7.749828100204468
