Experiment Name,Run Number,Start Time,Finish Time
memory_medium,0,2025-05-19 08:56:43.484677765,2025-05-19 08:56:57.072972181
memory_medium,1,2025-05-19 08:56:57.105150401,2025-05-19 08:57:14.809959788
memory_medium,2,2025-05-19 08:57:14.842199591,2025-05-19 08:57:33.859198438
memory_medium,3,2025-05-19 08:57:33.893063804,2025-05-19 08:57:49.671013831
memory_medium,4,2025-05-19 08:57:49.702413957,2025-05-19 08:58:09.359082206
memory_medium,5,2025-05-19 08:58:09.376283526,2025-05-19 08:58:19.888084429
memory_medium,6,2025-05-19 08:58:19.939273364,2025-05-19 08:58:37.560216459
memory_medium,7,2025-05-19 08:58:37.576604062,2025-05-19 08:58:59.336111562
memory_medium,8,2025-05-19 08:58:59.368919031,2025-05-19 08:59:15.084293348
memory_medium,9,2025-05-19 08:59:15.099865257,2025-05-19 08:59:29.926508400
